Year,Month,AveTemp,Precip
1896, 1, 32.4333, 0.43
1896, 2, 34.0000, 0.02
1896, 3, 33.7308, 1.73
1896, 4, 47.1852, 0.59
1896, 5, 57.9400, 1.68
1896, 6, 64.5217, 3.05
1896, 7, 70.4038, 3.05
1896, 8, 68.2500, 2.09
1896, 9, 58.8519, 1.55
1896, 10, 47.9839, 0.49
1896, 11, 32.9792, 0.01
1896, 12, 34.0500, 0.24
1897, 1, 24.5926, 0.18
1897, 2, 28.3611, 0.24
1897, 3, 32.1923, 2.14
1897, 4, 45.4200, 1.39
1897, 5, 60.4545, 1.96
1897, 6, 63.0000, 1.04
1897, 7, 66.5690, 2.65
1897, 8, 66.7586, 1.74
1897, 9, 64.1731, 0.70
1897, 10, 49.0185, 0.66
1897, 11, 36.0862, 0.67
1897, 12, 24.5556, 0.67
1898, 1, 25.5741, 0.14
1898, 2, 34.1875, 0.08
1898, 3, 32.3276, 0.50
1898, 4, 42.5000, 0.35
1898, 5, 51.2778, 3.45
1898, 6, 64.6591, 1.37
1898, 7, 68.9615, 0.50
1898, 8, 69.5800, 0.98
1898, 9, 59.2037, 0.50
1898, 10, 46.5000, 0.82
1898, 11, 29.8519, 1.24
1898, 12, 5.0000, 0.04
1899, 1, 24.9828, 0.66
1899, 2, 10.1964, 1.04
1899, 3, 30.3500, 1.50
1899, 4, 44.8704, 1.10
1899, 5, 52.8200, 1.01
1899, 6, 63.8462, 1.03
1899, 7, 66.9444, 4.95
1899, 8, 67.5200, 0.99
1899, 9, 61.8704, 0.21
1899, 10, 46.4643, 3.23
1899, 11, 40.8571, 0.00
1899, 12, 27.8500, 0.47
1900, 1, 31.3667, 0.25
1900, 2, 24.2115, 1.12
1900, 3, 38.8929, 1.07
1900, 4, 42.8913, 5.94
1900, 5, 57.1897, 1.75
1900, 6, 66.8125, 0.82
1900, 7, 67.8571, 1.14
1900, 8, 67.9074, 0.16
1900, 9, 57.3200, 1.92
1900, 10, 50.2742, 0.15
1900, 11, 38.6346, 0.07
1900, 12, 31.8000, 0.11
1901, 1, 28.6333, 0.19
1901, 2, 22.7917, 0.38
1901, 3, 35.2143, 1.71
1901, 4, 43.5345, 3.62
1901, 5, 57.2708, 7.47
1901, 6, 63.5172, 2.35
1901, 7, 72.2931, 0.71
1901, 8, 68.6818, 0.72
1901, 9, 59.0333, 2.10
1901, 10, 49.8036, 0.36
1901, 11, 40.0333, 0.02
1901, 12, 26.5370, 1.33
1902, 1, 24.0000, 0.32
1902, 2, 32.4600, 0.15
1902, 3, 35.5172, 1.50
1902, 4, 45.6034, 0.61
1902, 5, 56.0357, 2.13
1902, 6, 63.0962, 2.43
1902, 7, 65.9423, 1.31
1902, 8, 69.5833, 0.67
1902, 9, 57.2955, 7.12
1902, 10, 49.1333, 1.15
1902, 11, 36.1923, 0.27
1902, 12, 27.0484, 0.77
1903, 1, 29.2885, 0.16
1903, 2, 13.9038, 0.97
1903, 3, 30.5345, 1.03
1903, 4, 45.2400, 0.73
1903, 5, 52.0517, 0.63
1903, 6, 59.1250, 2.23
1903, 7, 68.1250, 1.06
1903, 8, 67.5000, 0.82
1903, 9, 57.2321, 0.87
1903, 10, 49.5517, 1.70
1903, 11, 36.1000, 0.18
1903, 12, 32.3065, 0.07
1904, 1, 27.5000, 0.04
1904, 2, 35.5000, 0.34
1904, 3, 40.0192, 0.40
1904, 4, 48.5217, 0.67
1904, 5, 52.8929, 5.37
1904, 6, 59.6200, 1.68
1904, 7, 65.2174, 1.99
1904, 8, 67.1522, 0.71
1904, 9, 59.4400, 1.09
1904, 10, 49.1897, 0.39
1904, 11, 39.7500, 0.00
1904, 12, 32.0862, 0.12
1905, 1, 25.1207, 0.29
1905, 2, 26.5500, 0.20
1905, 3, 42.6429, 1.75
1905, 4, 43.8269, 3.85
1905, 5, 51.6731, 4.13
1905, 6, 64.5000, 0.64
1905, 7, 65.6250, 2.18
1905, 8, 68.1087, 1.25
1905, 9, 60.8654, 0.28
1905, 10, 43.5645, 2.60
1905, 11, 38.2414, 0.07
1905, 12, 27.0690, 0.00
1906, 1, 31.8929, 0.01
1906, 2, 30.9808, 0.02
1906, 3, 26.6667, 1.92
1906, 4, 46.9038, 4.30
1906, 5, 55.0893, 2.39
1906, 6, 61.5000, 1.80
1906, 7, 64.5192, 1.96
1906, 8, 66.8148, 0.80
1906, 9, 58.5893, 3.08
1906, 10, 46.4310, 1.59
1906, 11, 33.1607, 0.56
1906, 12, 34.7742, 0.12
1907, 1, 26.7222, 0.22
1907, 2, 36.1538, 0.30
1907, 3, 43.4000, 0.58
1907, 4, 42.2083, 2.05
1907, 5, 48.4808, 1.67
1907, 6, 60.8600, 0.44
1907, 7, 67.7833, 2.28
1907, 8, 67.1724, 1.27
1907, 9, 58.8462, 0.58
1907, 10, 49.9167, 0.08
1907, 11, 33.8036, 0.44
1907, 12, 31.1607, 0.03
1908, 1, 28.1250, 0.11
1908, 2, 29.3636, 0.01
1908, 3, 40.6724, 0.28
1908, 4, 47.7800, 0.05
1908, 5, 52.7800, 4.52
1908, 6, 61.5000, 1.15
1908, 7, 67.2885, 3.66
1908, 8, 65.7222, 2.12
1908, 9, 62.7115, 0.02
1908, 10, 46.4138, 1.61
1908, 11, 32.9655, 1.06
1908, 12, 25.1833, 0.60
1909, 1, 29.5769, 0.01
1909, 2, 28.9107, 0.91
1909, 3, 35.9615, 3.02
1909, 4, 41.8793, 1.34
1909, 5, 52.4630, 1.06
1909, 6, 64.5870, 2.59
1909, 7, 70.4107, 1.98
1909, 8, 70.2586, 1.45
1909, 9, 58.5862, 2.09
1909, 10, 48.4808, 0.04
1909, 11, 38.0185, 0.79
1909, 12, 18.2778, 0.14
1910, 1, 25.0179, 0.22
1910, 2, 26.2400, 0.16
1910, 3, 47.0806, 0.06
1910, 4, 49.1667, 0.42
1910, 5, 53.5862, 4.75
1910, 6, 65.3077, 1.04
1910, 7, 71.7143, 0.87
1910, 8, 66.8793, 1.92
1910, 9, 61.7143, 1.79
1910, 10, 52.0000, 1.03
1910, 11, 41.0000, 0.04
1910, 12, 31.3667, 0.35
1911, 1, 33.9444, 0.16
1911, 2, 26.5625, 1.22
1911, 3, 41.7759, 0.05
1911, 4, 46.1731, 0.69
1911, 5, 55.6429, 0.72
1911, 6, 65.8929, 1.78
1911, 7, 66.5192, 1.47
1911, 8, 66.5217, 0.59
1911, 9, 61.3654, 0.80
1911, 10, 45.7167, 0.93
1911, 11, 32.8704, 0.21
1911, 12, 24.4815, 0.37
1912, 1, 25.4821, 0.35
1912, 2, 26.8000, 1.65
1912, 3, 22.7037, 1.79
1912, 4, 44.1429, 0.90
1912, 5, 53.3500, 2.84
1912, 6, 59.1034, 2.43
1912, 7, 65.7955, 2.93
1912, 8, 65.5476, 1.26
1912, 9, 50.5000, 1.64
1912, 10, 44.1964, 2.03
1912, 11, 37.3621, 0.59
1912, 12, 26.8571, 0.21
1913, 1, 23.3200, 0.06
1913, 2, 19.7500, 0.94
1913, 3, 33.5690, 0.18
1913, 4, 46.1731, 1.49
1913, 5, 54.6042, 2.04
1913, 6, 62.8200, 0.15
1913, 7, 66.5517, 2.63
1913, 8, 69.7083, 0.41
1913, 9, 55.8393, 2.18
1913, 10, 45.2586, 0.98
1913, 11, 39.0690, 0.17
1913, 12, 17.3500, 4.08
1914, 1, 28.7069, 0.35
1914, 2, 25.2500, 0.02
1914, 3, 38.0000, 0.87
1914, 4, 44.9107, 3.23
1914, 5, 55.1897, 2.76
1914, 6, 64.0741, 1.97
1914, 7, 67.9130, 1.68
1914, 8, 66.9348, 1.27
1914, 9, 60.8400, 0.02
1914, 10, 49.9615, 0.49
1914, 11, 40.6071, 0.12
1914, 12, 21.8269, 0.15
1915, 1, 24.0000, 0.12
1915, 2, 32.2200, 1.41
1915, 3, 31.9643, 1.73
1915, 4, 50.3400, 3.91
1915, 5, 50.4310, 3.78
1915, 6, 59.4565, 1.90
1915, 7, 64.4615, 2.12
1915, 8, 62.7037, 1.56
1915, 9, 57.1000, 2.97
1915, 10, 49.2742, 1.97
1915, 11, 38.5000, 0.10
1915, 12, 29.1250, 0.82
1916, 1, 18.9200, 0.58
1916, 2, 31.5893, 0.11
1916, 3, 43.0536, 0.08
1916, 4, 44.8036, 0.86
1916, 5, 52.5862, 3.85
1916, 6, 61.8000, 0.60
1916, 7, 69.2500, 0.65
1916, 8, 65.0893, 0.71
1916, 9, 57.2931, 0.70
1916, 10, 45.2407, 2.92
1916, 11, 30.1607, 0.76
1916, 12, 21.6600, 0.50
1917, 1, 22.5769, 0.15
1917, 2, 29.3800, 0.96
1917, 3, 27.0833, 0.81
1917, 4, 41.5741, 1.22
1917, 5, 46.6833, 5.79
1917, 6, 62.4815, 0.03
1917, 7, 69.6607, 1.19
1917, 8, 64.8077, 1.21
1917, 9, 59.5000, 0.45
1917, 10, 46.5333, 0.62
1917, 11, 42.3333, 0.40
1917, 12, 33.6607, 0.31
1918, 1, 21.9800, 0.08
1918, 2, 34.2273, 1.05
1918, 3, 42.6774, 0.12
1918, 4, 40.4500, 3.68
1918, 5, 54.4333, 2.95
1918, 6, 66.8704, 1.18
1918, 7, 67.0370, 4.83
1918, 8, 66.2069, 1.91
1918, 9, 54.0179, 3.23
1918, 10, 51.1667, 0.71
1918, 11, 31.6111, 0.33
1918, 12, 29.4444, 0.56
1919, 1, 28.9833, 0.00
1919, 2, 27.7885, 0.30
1919, 3, 38.1379, 1.65
1919, 4, 47.1800, 0.92
1919, 5, 54.4464, 0.45
1919, 6, 63.6538, 0.19
1919, 7, 70.9800, 0.64
1919, 8, 68.4655, 0.61
1919, 9, 61.1964, 2.61
1919, 10, 42.6290, 1.90
1919, 11, 30.8519, 0.77
1919, 12, 26.0192, 0.06
1920, 1, 29.1379, 0.54
1920, 2, 29.1923, 0.64
1920, 3, 36.9375, 0.00
1920, 4, 36.6667, 3.60
1920, 5, 54.2333, 1.95
1920, 6, 62.5926, 0.40
1920, 7, 68.6200, 0.58
1920, 8, 65.9375, 1.72
1920, 9, 58.3276, 0.60
1920, 10, 48.1833, 0.50
1920, 11, 32.9808, 0.23
1920, 12, 28.2419, 0.54
1921, 1, 27.6613, 0.96
1921, 2, 32.7885, 0.19
1921, 3, 40.8214, 0.13
1921, 4, 43.8654, 1.63
1921, 5, 55.2321, 1.97
1921, 6, 65.0556, 3.66
1921, 7, 68.9655, 1.36
1921, 8, 67.8750, 2.43
1921, 9, 60.1481, 0.68
1921, 10, 52.2500, 0.37
1921, 11, 38.7586, 0.32
1921, 12, 29.8103, 0.89
1922, 1, 20.8793, 0.24
1922, 2, 27.1923, 0.27
1922, 3, 37.8448, 0.36
1922, 4, 43.5000, 2.80
1922, 5, 55.2167, 0.87
1922, 6, 66.1724, 1.03
1922, 7, 68.7593, 0.80
1922, 8, 71.5400, 0.74
1922, 9, 62.0926, 0.02
1922, 10, 48.6071, 0.74
1922, 11, 35.5714, 1.10
1922, 12, 29.3871, 0.31
1923, 1, 33.7833, 0.19
1923, 2, 23.2593, 1.39
1923, 3, 27.7097, 2.74
1923, 4, 44.6852, 2.18
1923, 5, 54.8103, 4.46
1923, 6, 62.4286, 6.23
1923, 7, 70.3400, 4.50
1923, 8, 66.7200, 0.62
1923, 9, 57.4808, 1.36
1923, 10, 42.7414, 3.55
1923, 11, 38.5690, 0.10
1923, 12, 26.7222, 0.07
1924, 1, 22.0000, 0.51
1924, 2, 33.6250, 0.30
1924, 3, 25.5179, 1.83
1924, 4, 45.6923, 0.54
1924, 5, 50.7292, 2.25
1924, 6, 63.9483, 0.22
1924, 7, 67.8889, 0.21
1924, 8, 68.6538, 0.05
1924, 9, 57.3571, 0.84
1924, 10, 50.5345, 0.78
1924, 11, 39.6071, 0.09
1924, 12, 20.1200, 0.69
1925, 1, 24.1964, 0.22
1925, 2, 36.0185, 0.09
1925, 3, 41.3750, 0.48
1925, 4, 50.6379, 0.10
1925, 5, 57.6429, 1.18
1925, 6, 65.8036, 1.50
1925, 7, 70.5400, 1.85
1925, 8, 66.7586, 1.32
1925, 9, 60.6607, 1.96
1925, 10, 40.5357, 2.52
1925, 11, 34.7500, 0.89
1925, 12, 26.9286, 1.39
1926, 1, 24.7759, 0.25
1926, 2, 34.9821, 0.28
1926, 3, 35.2500, 1.54
1926, 4, 45.2692, 2.99
1926, 5, 56.0179, 1.76
1926, 6, 64.1250, 1.58
1926, 7, 67.1154, 0.93
1926, 8, 68.3000, 0.86
1926, 9, 57.5192, 1.03
1926, 10, 50.6964, 0.14
1926, 11, 39.3889, 0.36
1926, 12, 22.2586, 0.39
1927, 1, 30.6538, 0.02
1927, 2, 33.0000, 0.01
1927, 3, 34.1964, 1.54
1927, 4, 44.7241, 2.69
1927, 5, 56.2308, 0.91
1927, 6, 62.3214, 1.98
1927, 7, 67.5000, 2.19
1927, 8, 63.8333, 2.10
1927, 9, 58.9310, 1.10
1927, 10, 50.1129, 0.92
1927, 11, 41.2593, 0.13
1927, 12, 21.3400, 0.22
1928, 1, 30.2222, 0.18
1928, 2, 29.9815, 0.43
1928, 3, 37.8065, 1.38
1928, 4, 43.2321, 0.97
1928, 5, 55.5333, 3.35
1928, 6, 56.8704, 2.73
1928, 7, 67.7167, 0.83
1928, 8, 66.2308, 0.69
1928, 9, 58.5536, 0.09
1928, 10, 47.5800, 0.79
1928, 11, 34.8621, 1.15
1928, 12, 23.9107, 0.05
1929, 1, 24.0000, 0.09
1929, 2, 17.2727, 0.53
1929, 3, 37.0000, 1.78
1929, 4, 44.9828, 2.37
1929, 5, 52.6034, 1.08
1929, 6, 63.6833, 0.61
1929, 7, 70.2069, 0.46
1929, 8, 69.8704, 2.35
1929, 9, 56.3542, 0.85
1929, 10, 48.2333, 0.99
1929, 11, 27.3393, 0.66
1929, 12, 30.5179, 0.09
1930, 1, 8.8621, 0.45
1930, 2, 36.3000, 0.07
1930, 3, 33.4839, 0.70
1930, 4, 51.8148, 0.56
1930, 5, 51.4800, 1.88
1930, 6, 64.7000, 1.50
1930, 7, 70.6034, 0.95
1930, 8, 68.2500, 5.46
1930, 9, 59.1852, 0.16
1930, 10, 46.0893, 0.36
1930, 11, 37.2833, 0.70
1930, 12, 27.8667, 0.14
1931, 1, 29.9677, 0.00
1931, 2, 34.9615, 1.26
1931, 3, 34.6154, 0.29
1931, 4, 45.2037, 0.92
1931, 5, 52.4815, 2.55
1931, 6, 67.7857, 1.50
1931, 7, 71.8448, 0.07
1931, 8, 68.3393, 0.81
1931, 9, 63.3500, 0.40
1931, 10, 50.4231, 0.47
1931, 11, 33.3200, 0.39
1931, 12, 29.4032, 0.18
1932, 1, 24.8333, 0.00
1932, 2, 33.6923, 0.48
1932, 3, 28.9677, 1.09
1932, 4, 47.6731, 0.66
1932, 5, 56.7692, 2.14
1932, 6, 63.5926, 1.11
1932, 7, 71.8548, 2.13
1932, 8, 69.4500, 3.68
1932, 9, 59.7414, 0.01
1932, 10, 46.2963, 0.30
1932, 11, 39.2833, 0.34
1932, 12, 16.3448, 0.20
1933, 1, 29.0323, 0.16
1933, 2, 25.8269, 0.13
1933, 3, 40.4000, 0.60
1933, 4, 44.4815, 1.86
1933, 5, 52.8929, 4.56
1933, 6, 68.6964, 0.05
1933, 7, 72.1852, 0.71
1933, 8, 67.2419, 4.34
1933, 9, 62.5690, 2.10
1933, 10, 52.4032, 0.00
1933, 11, 41.8276, 0.06
1933, 12, 39.1500, 1.03
1934, 1, 35.7097, 0.01
1934, 2, 36.3684, 0.66
1934, 3, 41.3000, 0.70
1934, 4, 48.6481, 1.41
1934, 5, 61.8333, 1.45
1934, 6, 66.2143, 1.25
1934, 7, 73.5192, 1.33
1934, 8, 70.1667, 0.28
1934, 9, 56.4783, 0.22
1934, 10, 53.1290, 0.00
1934, 11, 40.7167, 0.06
1934, 12, 32.8966, 0.00
1935, 1, 33.9464, 0.00
1935, 2, 34.6800, 0.49
1935, 3, 39.5200, 0.14
1935, 4, 44.7500, 0.65
1935, 5, 48.6296, 6.45
1935, 6, 62.9107, 0.62
1935, 7, 71.6852, 1.14
1935, 8, 69.1154, 0.50
1935, 9, 59.5185, 2.93
1935, 10, 48.3929, 0.61
1935, 11, 35.2308, 0.48
1935, 12, 30.7742, 0.00
1936, 1, 29.8462, 0.02
1936, 2, 20.0000, 0.38
1936, 3, 38.5862, 0.71
1936, 4, 47.8750, 1.17
1936, 5, 59.1500, 1.10
1936, 6, 67.4167, 2.90
1936, 7, 73.6667, 0.95
1936, 8, 69.8636, 1.46
1936, 9, 60.7833, 1.11
1936, 10, 47.0172, 1.38
1936, 11, 38.7885, 0.13
1936, 12, 30.7885, 0.38
1937, 1, 11.0200, 0.35
1937, 2, 28.9074, 0.53
1937, 3, 34.9259, 1.14
1937, 4, 45.9259, 2.23
1937, 5, 57.3148, 1.48
1937, 6, 63.5833, 1.94
1937, 7, 71.2619, 1.18
1937, 8, 72.0800, 0.63
1937, 9, 61.5714, 0.09
1937, 10, 51.1800, 0.71
1937, 11, 35.6458, 0.56
1937, 12, 27.5000, 1.52
1938, 1, 27.8793, 0.42
1938, 2, 31.8200, 0.27
1938, 3, 41.1724, 1.32
1938, 4, 47.9423, 2.47
1938, 5, 53.7407, 2.70
1938, 6, 65.2895, 1.81
1938, 7, 70.2115, 0.93
1938, 8, 71.3958, 0.47
1938, 9, 62.5000, 7.34
1938, 10, 53.3519, 0.72
1938, 11, 34.8966, 0.54
1938, 12, 27.3077, 0.76
1939, 1, 31.0926, 0.41
1939, 2, 21.9038, 0.60
1939, 3, 38.0000, 1.60
1939, 4, 48.9138, 1.42
1939, 5, 59.9630, 1.56
1939, 6, 65.7600, 0.43
1939, 7, 74.3333, 0.00
1939, 8, 68.7500, 1.01
1939, 9, 64.7500, 0.15
1939, 10, 50.2667, 0.40
1939, 11, 38.7833, 0.03
1939, 12, 36.1207, 0.24
1940, 1, 19.6731, 1.06
1940, 2, 30.8864, 0.54
1940, 3, 43.9524, 0.52
1940, 4, 48.9400, 1.39
1940, 5, 57.4792, 1.83
1940, 6, 68.8333, 0.24
1940, 7, 71.8889, 1.07
1940, 8, 68.7200, 0.32
1940, 9, 62.9318, 5.24
1940, 10, 51.4333, 0.46
1940, 11, 33.8077, 0.59
1940, 12, 29.6000, 0.15
1941, 1, 29.2586, 0.58
1941, 2, 33.0741, 0.04
1941, 3, 36.8889, 1.16
1941, 4, 44.2857, 3.49
1941, 5, 58.3958, 2.01
1941, 6, 62.8750, 1.87
1941, 7, 68.9250, 0.90
1941, 8, 67.6207, 4.19
1941, 9, 57.8750, 1.28
1941, 10, 48.0625, 1.33
1941, 11, 39.6034, 0.18
1941, 12, 28.4643, 0.68
1942, 1, 20.2885, 0.32
1942, 2, 18.8750, 0.88
1942, 3, 34.3966, 0.20
1942, 4, 49.1200, 4.50
1942, 5, 53.4286, 2.26
1942, 6, 63.0435, 2.37
1942, 7, 69.9500, 0.34
1942, 8, 67.6111, 1.48
1942, 9, 58.8200, 0.75
1942, 10, 49.4286, 6.70
1942, 11, 37.1667, 0.50
1942, 12, 34.0652, 0.00
1943, 1, 29.0000, 0.22
1943, 2, 36.3800, 0.48
1943, 3, 32.7143, 0.71
1943, 4, 51.5556, 1.45
1943, 5, 50.6346, 5.95
1943, 6, 62.7292, 1.06
1943, 7, 71.8409, 0.93
1943, 8, 70.6750, 0.56
1943, 9, 59.2692, 0.10
1943, 10, 49.4444, 0.29
1943, 11, 38.3929, 0.33
1943, 12, 29.7308, 0.18
1944, 1, 26.3333, 0.45
1944, 2, 31.3261, 0.35
1944, 3, 33.3200, 2.01
1944, 4, 41.4423, 4.10
1944, 5, 55.9444, 1.98
1944, 6, 62.1458, 1.23
1944, 7, 69.3696, 2.25
1944, 8, 69.4091, 0.09
1944, 9, 59.0714, 0.19
1944, 10, 49.6731, 0.14
1944, 11, 36.9630, 0.13
1944, 12, 27.0357, 0.21
1945, 1, 28.3966, 0.73
1945, 2, 31.4565, 0.34
1945, 3, 38.2414, 0.42
1945, 4, 39.2857, 3.02
1945, 5, 54.4615, 1.88
1945, 6, 58.3036, 2.83
1945, 7, 69.8864, 0.44
1945, 8, 67.8958, 3.55
1945, 9, 55.7800, 1.31
1945, 10, 50.3167, 0.80
1945, 11, 39.2759, 0.15
1945, 12, 26.8750, 0.26
1946, 1, 30.2321, 0.13
1946, 2, 32.7857, 0.10
1946, 3, 43.0962, 0.78
1946, 4, 52.7292, 0.43
1946, 5, 51.6667, 2.80
1946, 6, 65.3333, 1.32
1946, 7, 71.2500, 2.93
1946, 8, 67.3542, 1.68
1946, 9, 58.1346, 0.78
1946, 10, 46.3889, 1.23
1946, 11, 32.0833, 1.98
1946, 12, 34.2667, 0.07
1947, 1, 28.8519, 0.42
1947, 2, 26.0741, 0.89
1947, 3, 33.4800, 0.95
1947, 4, 45.5769, 1.41
1947, 5, 53.5435, 3.62
1947, 6, 59.7292, 4.48
1947, 7, 69.3958, 0.80
1947, 8, 70.7857, 0.55
1947, 9, 63.3542, 0.50
1947, 10, 51.6600, 2.64
1947, 11, 31.9038, 0.88
1947, 12, 30.9107, 0.81
1948, 1, 22.7759, 1.01
1948, 2, 24.9583, 0.30
1948, 3, 30.4483, 0.68
1948, 4, 49.1200, 0.67
1948, 5, 56.0893, 2.16
1948, 6, 64.3864, 1.88
1948, 7, 69.7619, 0.36
1948, 8, 69.1190, 0.75
1948, 9, 64.6296, 0.20
1948, 10, 48.3750, 0.72
1948, 11, 34.4800, 0.38
1948, 12, 26.6724, 0.94
1949, 1, 14.0714, 0.35
1949, 2, 26.8125, 0.11
1949, 3, 38.0870, 1.96
1949, 4, 48.4773, 1.53
1949, 5, 56.1957, 2.94
1949, 6, 62.4524, 6.31
1949, 7, 69.9038, 3.13
1949, 8, 69.3600, 0.74
1949, 9, 59.2000, 0.42
1949, 10, 45.0800, 1.24
1949, 11, 45.9483, 0.00
1949, 12, 29.2500, 0.06
1950, 1, 24.4516, 0.36
1950, 2, 34.9643, 0.17
1950, 3, 36.7500, 0.36
1950, 4, 46.7826, 2.00
1950, 5, 50.1957, 3.91
1950, 6, 64.4375, 1.33
1950, 7, 66.1818, 1.38
1950, 8, 65.4167, 0.60
1950, 9, 59.4545, 1.70
1950, 10, 53.1379, 0.31
1950, 11, 37.1034, 0.50
1950, 12, 33.2414, 0.08
1951, 1, 25.6333, 0.73
1951, 2, 30.4286, 0.70
1951, 3, 34.3704, 0.31
1951, 4, 43.6905, 1.11
1951, 5, 55.5263, 2.47
1951, 6, 58.2143, 2.11
1951, 7, 70.1852, 1.97
1951, 8, 66.8654, 7.39
1951, 9, 58.0862, 0.96
1951, 10, 44.9423, 2.73
1951, 11, 33.7833, 0.66
1951, 12, 27.0333, 0.94
1952, 1, 26.9828, 0.07
1952, 2, 32.5625, 0.05
1952, 3, 29.9643, 1.57
1952, 4, 46.7857, 1.89
1952, 5, 54.7045, 3.71
1952, 6, 69.1071, 2.46
1952, 7, 69.6957, 0.72
1952, 8, 68.7750, 0.97
1952, 9, 60.6600, 0.04
1952, 10, 48.9355, 0.20
1952, 11, 29.0714, 1.03
1952, 12, 29.2500, 0.00
1953, 1, 37.2500, 0.19
1953, 2, 31.9200, 0.49
1953, 3, 41.4833, 1.05
1953, 4, 40.4167, 1.87
1953, 5, 55.0833, 1.88
1953, 6, 67.0000, 2.79
1953, 7, 71.1400, 1.23
1953, 8, 67.6304, 0.65
1953, 9, 62.0385, 0.48
1953, 10, 52.3696, 0.12
1953, 11, 39.2308, 0.45
1953, 12, 30.7069, 0.22
1954, 1, 33.6000, 0.11
1954, 2, 41.8333, 0.06
1954, 3, 34.0741, 0.90
1954, 4, 52.4444, 0.35
1954, 5, 55.2115, 1.14
1954, 6, 66.7500, 0.89
1954, 7, 74.8611, 0.95
1954, 8, 69.6818, 1.24
1954, 9, 61.2174, 0.99
1954, 10, 49.8200, 0.35
1954, 11, 41.6034, 0.53
1954, 12, 31.8387, 0.47
1955, 1, 22.5179, 0.36
1955, 2, 23.1000, 0.63
1955, 3, 33.6207, 1.15
1955, 4, 48.3519, 0.22
1955, 5, 57.3800, 1.64
1955, 6, 61.8148, 2.58
1955, 7, 72.2174, 1.23
1955, 8, 71.0217, 1.42
1955, 9, 60.6786, 1.91
1955, 10, 50.9500, 0.19
1955, 11, 34.8654, 1.05
1955, 12, 30.4643, 0.59
1956, 1, 31.0333, 0.70
1956, 2, 21.5000, 0.66
1956, 3, 37.5690, 0.66
1956, 4, 44.3400, 1.67
1956, 5, 57.7963, 2.62
1956, 6, 70.0870, 0.31
1956, 7, 69.6000, 2.23
1956, 8, 67.2174, 1.91
1956, 9, 62.7800, 0.03
1956, 10, 51.5000, 0.05
1956, 11, 35.8103, 0.79
1956, 12, 34.2037, 0.51
1957, 1, 21.0536, 0.70
1957, 2, 37.1852, 0.52
1957, 3, 38.1111, 0.42
1957, 4, 38.3400, 3.94
1957, 5, 51.9808, 6.04
1957, 6, 63.7200, 1.02
1957, 7, 72.7059, 0.43
1957, 8, 69.9286, 3.07
1957, 9, 58.5435, 0.81
1957, 10, 50.9630, 1.99
1957, 11, 33.9630, 0.62
1957, 12, 37.2321, 0.00
1958, 1, 29.4655, 0.17
1958, 2, 35.8261, 0.40
1958, 3, 31.1522, 1.87
1958, 4, 43.7069, 1.95
1958, 5, 58.6667, 5.30
1958, 6, 66.4200, 2.30
1958, 7, 67.7045, 1.58
1958, 8, 71.3400, 1.01
1958, 9, 61.8704, 0.46
1958, 10, 52.5862, 0.85
1958, 11, 37.5000, 0.57
1958, 12, 30.9667, 0.98
1959, 1, 27.5690, 0.46
1959, 2, 26.5577, 0.55
1959, 3, 38.2037, 1.36
1959, 4, 42.7414, 2.71
1959, 5, 53.7391, 3.54
1959, 6, 66.7105, 0.39
1959, 7, 70.9062, 0.31
1959, 8, 71.0526, 0.60
1959, 9, 58.2885, 1.97
1959, 10, 45.7167, 2.71
1959, 11, 35.3269, 0.04
1959, 12, 33.8793, 0.00
1960, 1, 25.2407, 0.37
1960, 2, 26.7273, 0.53
1960, 3, 36.5400, 0.84
1960, 4, 49.5893, 0.88
1960, 5, 55.8000, 2.50
1960, 6, 67.0227, 0.72
1960, 7, 70.5000, 0.80
1960, 8, 69.0833, 0.03
1960, 9, 61.7500, 0.39
1960, 10, 50.9615, 2.11
1960, 11, 36.7593, 0.27
1960, 12, 30.8125, 0.56
1961, 1, 30.2321, 0.21
1961, 2, 35.7692, 0.64
1961, 3, 36.2692, 3.38
1961, 4, 45.3036, 1.00
1961, 5, 56.2321, 7.06
1961, 6, 65.3800, 1.83
1961, 7, 68.3421, 4.27
1961, 8, 69.8889, 4.00
1961, 9, 54.9444, 2.51
1961, 10, 48.2759, 1.00
1961, 11, 34.8462, 0.57
1961, 12, 30.0000, 0.00
1962, 1, 16.1111, 1.17
1962, 2, 30.5400, 0.63
1962, 3, 33.2778, 0.55
1962, 4, 49.3036, 1.00
1962, 5, 57.6250, 2.36
1962, 6, 62.9524, 1.65
1962, 7, 68.3542, 2.07
1962, 8, 67.3600, 0.31
1962, 9, 59.7708, 0.33
1962, 10, 52.3966, 1.75
1962, 11, 40.6897, 0.57
1962, 12, 32.1250, 0.18
1963, 1, 17.8448, 0.67
1963, 2, 36.8462, 0.42
1963, 3, 36.0893, 1.28
1963, 4, 47.7174, 0.50
1963, 5, 58.4200, 0.42
1963, 6, 66.8654, 3.75
1963, 7, 73.2500, 0.13
1963, 8, 69.1087, 1.69
1963, 9, 63.7115, 2.10
1963, 10, 55.6786, 0.30
1963, 11, 40.5893, 0.19
1963, 12, 25.6786, 0.55
1964, 1, 29.0517, 0.31
1964, 2, 27.9130, 0.21
1964, 3, 32.0000, 0.92
1964, 4, 45.7115, 1.69
1964, 5, 58.1786, 1.87
1964, 6, 62.7391, 0.54
1964, 7, 73.9091, 1.04
1964, 8, 67.2174, 0.45
1964, 9, 59.0926, 0.34
1964, 10, 50.6034, 0.06
1964, 11, 37.7037, 0.46
1964, 12, 29.5192, 0.18
1965, 1, 34.1786, 0.66
1965, 2, 28.8800, 0.31
1965, 3, 26.3966, 0.84
1965, 4, 49.2593, 1.19
1965, 5, 55.8333, 1.89
1965, 6, 63.1400, 5.27
1965, 7, 70.5714, 2.29
1965, 8, 67.3462, 0.44
1965, 9, 51.2273, 2.33
1965, 10, 53.1290, 0.51
1965, 11, 42.3167, 0.00
1965, 12, 32.7593, 0.44
1966, 1, 27.3462, 0.12
1966, 2, 25.7609, 0.60
1966, 3, 42.0517, 0.01
1966, 4, 45.7045, 1.39
1966, 5, 57.5238, 0.27
1966, 6, 64.2273, 1.60
1966, 7, 74.6750, 0.62
1966, 8, 67.8750, 0.63
1966, 9, 61.5652, 1.16
1966, 10, 48.8621, 0.43
1966, 11, 37.2500, 0.45
1966, 12, 29.8077, 0.06
1967, 1, 32.4464, 0.61
1967, 2, 34.8958, 0.35
1967, 3, 43.8333, 0.61
1967, 4, 49.2931, 3.02
1967, 5, 52.5769, 4.79
1967, 6, 60.0600, 3.26
1967, 7, 69.6400, 3.10
1967, 8, 67.5577, 1.82
1967, 9, 60.4792, 0.93
1967, 10, 52.1786, 0.61
1967, 11, 38.8214, 1.14
1967, 12, 26.6154, 1.05
1968, 1, 28.2069, 0.09
1968, 2, 33.9348, 0.60
1968, 3, 40.9400, 0.90
1968, 4, 42.2778, 1.85
1968, 5, 52.7391, 3.20
1968, 6, 66.9815, 0.86
1968, 7, 70.3750, 2.05
1968, 8, 66.9138, 2.11
1968, 9, 58.7593, 0.09
1968, 10, 50.6667, 0.65
1968, 11, 35.3571, 0.78
1968, 12, 29.1667, 0.13
1969, 1, 30.4483, 0.59
1969, 2, 32.7292, 0.33
1969, 3, 32.6800, 0.59
1969, 4, 51.9808, 1.46
1969, 5, 57.3000, 3.80
1969, 6, 60.0769, 2.56
1969, 7, 72.6304, 0.84
1969, 8, 71.1667, 1.72
1969, 9, 61.6800, 0.63
1969, 10, 39.9500, 4.85
1969, 11, 37.6607, 0.32
1969, 12, 32.8571, 0.02
1970, 1, 30.2667, 0.06
1970, 2, 38.2400, 0.02
1970, 3, 33.5167, 2.65
1970, 4, 44.5208, 0.91
1970, 5, 62.0000, 0.20
1970, 6, 65.1667, 2.44
1970, 7, 71.1852, 2.65
1970, 8, 71.5962, 0.97
1970, 9, 57.5893, 1.61
1970, 10, 45.2241, 1.25
1970, 11, 40.2593, 0.54
1970, 12, 31.1034, 0.16
1971, 1, 30.1897, 0.59
1971, 2, 30.8800, 0.50
1971, 3, 38.6034, 0.51
1971, 4, 47.6600, 4.42
1971, 5, 54.2500, 2.33
1971, 6, 67.4375, 0.20
1971, 7, 69.0323, 0.52
1971, 8, 70.4032, 0.19
1971, 9, 55.8793, 3.55
1971, 10, 48.2500, 0.94
1971, 11, 37.7500, 0.02
1971, 12, 29.2903, 0.21
1972, 1, 26.9355, 0.54
1972, 2, 37.4038, 0.06
1972, 3, 47.0741, 0.43
1972, 4, 48.5167, 1.38
1972, 5, 56.5161, 0.55
1972, 6, 67.6167, 1.40
1972, 7, 68.4194, 0.72
1972, 8, 68.4194, 2.24
1972, 9, 60.0667, 0.51
1972, 10, 48.8966, 0.46
1972, 11, 32.5167, 0.91
1972, 12, 22.4516, 0.60
1973, 1, 28.5357, 0.26
1973, 2, 31.6429, 0.02
1973, 3, 37.6333, 0.79
1973, 4, 40.0000, 0.00
1973, 5, 55.7742, 1.63
1973, 6, 66.7667, 0.34
1973, 7, 68.8710, 2.56
1973, 8, 71.1935, 0.18
1973, 9, 58.6000, 1.70
1973, 10, 52.0517, 0.43
1973, 11, 35.9333, 2.29
1973, 12, 30.8833, 1.17
1974, 1, 26.5926, 0.33
1974, 2, 35.9423, 0.06
1974, 3, 41.8793, 1.05
1974, 4, 47.1833, 1.65
1974, 5, 60.4032, 0.01
1974, 6, 66.4667, 3.01
1974, 7, 72.3548, 1.65
1974, 8, 66.4677, 0.12
1974, 9, 58.0667, 1.08
1974, 10, 51.5968, 2.01
1974, 11, 38.1167, 0.59
1974, 12, 29.4516, 0.06
1975, 1, 31.4310, 0.05
1975, 2, 29.9464, 0.54
1975, 3, 36.9500, 1.57
1975, 4, 44.3621, 1.53
1975, 5, 53.3065, 4.53
1975, 6, 63.5167, 1.77
1975, 7, 71.6290, 0.92
1975, 8, 69.1774, 2.86
1975, 9, 59.2833, 0.39
1975, 10, 51.1935, 0.90
1975, 11, 36.4833, 0.70
1975, 12, 32.7258, 1.31
1976, 1, 28.3065, 0.30
1976, 2, 36.9107, 0.57
1976, 3, 36.9839, 0.64
1976, 4, 48.5833, 1.64
1976, 5, 56.1613, 1.13
1976, 6, 64.8667, 0.95
1976, 7, 72.5000, 1.03
1976, 8, 68.3548, 1.88
1976, 9, 60.4500, 1.94
1976, 10, 46.8065, 0.25
1976, 11, 37.4310, 0.08
1976, 12, 33.2258, 0.15
1977, 1, 25.9333, 0.04
1977, 2, 36.3571, 0.05
1977, 3, 38.7241, 0.13
1977, 4, 49.9833, 2.69
1977, 5, 59.6452, 1.10
1977, 6, 71.2333, 0.32
1977, 7, 72.8548, 5.86
1977, 8, 68.1452, 1.20
1977, 9, 64.5333, 0.14
1977, 10, 51.7419, 0.14
1977, 11, 38.7400, 0.35
1977, 12, 35.1481, 0.11
1978, 1, 25.0000, 0.60
1978, 2, 30.0882, 0.26
1978, 3, 41.6731, 0.44
1978, 4, 49.2500, 1.29
1978, 5, 52.8200, 6.15
1978, 6, 66.6481, 1.39
1978, 7, 72.4038, 1.02
1978, 8, 67.9815, 0.79
1978, 9, 63.1500, 0.12
1978, 10, 50.3667, 1.94
1978, 11, 38.6087, 0.07
1978, 12, 21.7200, 0.80
1979, 1, 17.5385, 0.36
1979, 2, 32.1731, 0.29
1979, 3, 40.9815, 2.33
1979, 4, 49.2800, 1.38
1979, 5, 53.2083, 5.08
1979, 6, 64.5962, 3.13
1979, 7, 72.1364, 0.95
1979, 8, 67.2407, 3.13
1979, 9, 63.4815, 1.03
1979, 10, 52.6935, 0.87
1979, 11, 31.4600, 2.00
1979, 12, 32.6897, 1.52
1980, 1, 24.9423, 1.14
1980, 2, 29.6154, 0.79
1980, 3, 35.9375, 2.14
1980, 4, 46.0741, 2.91
1980, 5, 54.0357, 3.53
1980, 6, 69.4600, 0.08
1980, 7, 73.6304, 1.15
1980, 8, 69.8542, 0.62
1980, 9, 62.4643, 0.70
1980, 10, 49.8966, 0.65
1980, 11, 40.3519, 0.54
1980, 12, 39.4423, 0.13
1981, 1, 33.7414, 0.51
1981, 2, 33.7917, 0.06
1981, 3, 40.6400, 1.59
1981, 4, 53.8846, 1.12
1981, 5, 54.0833, 4.21
1981, 6, 68.3519, 0.37
1981, 7, 71.6458, 1.98
1981, 8, 68.7391, 1.50
1981, 9, 64.6154, 1.22
1981, 10, 48.3000, 0.75
1981, 11, 43.9038, 0.10
1981, 12, 34.5600, 0.65
1982, 1, 28.3966, 0.25
1982, 2, 34.0000, 0.05
1982, 3, 34.0000, 0.73
1982, 4, 47.3462, 0.38
1982, 5, 54.5600, 4.98
1982, 6, 61.2692, 4.27
1982, 7, 71.3077, 4.86
1982, 8, 71.2632, 0.45
1982, 9, 59.1481, 3.51
1982, 10, 48.3793, 0.74
1982, 11, 34.1538, 0.48
1982, 12, 29.1897, 0.36
1983, 1, 29.5000, 0.01
1983, 2, 36.7963, 0.04
1983, 3, 39.0652, 2.62
1983, 4, 41.6154, 4.10
1983, 5, 51.4423, 3.21
1983, 6, 62.5556, 3.52
1983, 7, 70.8600, 1.57
1983, 8, 74.2000, 1.02
1983, 9, 61.6400, 0.28
1983, 10, 50.2391, 0.17
1983, 11, 37.2857, 2.13
1983, 12, 20.2917, 0.51
1984, 1, 24.7241, 0.56
1984, 2, 34.1000, 0.39
1984, 3, 38.0769, 1.46
1984, 4, 42.3846, 3.40
1984, 5, 58.1481, 2.18
1984, 6, 63.9762, 2.23
1984, 7, 72.2727, 1.96
1984, 8, 70.8800, 0.57
1984, 9, 59.4400, 0.80
1984, 10, 45.2069, 2.53
1984, 11, 39.2931, 0.02
1984, 12, 32.5385, 0.27
1985, 1, 24.5345, 0.80
1985, 2, 26.6731, 0.25
1985, 3, 40.8929, 0.35
1985, 4, 52.0870, 2.11
1985, 5, 59.6600, 0.97
1985, 6, 66.3125, 2.77
1985, 7, 70.4792, 3.71
1985, 8, 69.0238, 0.24
1985, 9, 56.2500, 1.37
1985, 10, 48.2143, 1.17
1985, 11, 26.6500, 1.38
1985, 12, 27.9808, 1.25
1986, 1, 36.1774, 0.16
1986, 2, 34.6591, 0.26
1986, 3, 47.1731, 1.04
1986, 4, 48.3542, 2.03
1986, 5, 56.0577, 1.45
1986, 6, 68.2500, 1.18
1986, 7, 70.8600, 0.95
1986, 8, 68.9348, 1.21
1986, 9, 58.7381, 0.74
1986, 10, 49.2222, 1.58
1986, 11, 37.5577, 1.53
1986, 12, 29.4167, 0.27
1987, 1, 31.5172, 0.38
1987, 2, 34.8889, 1.28
1987, 3, 37.1000, 2.16
1987, 4, 50.3462, 0.66
1987, 5, 57.7292, 3.15
1987, 6, 66.5455, 2.06
1987, 7, 71.9773, 0.80
1987, 8, 67.8125, 0.76
1987, 9, 60.0200, 0.65
1987, 10, 49.9107, 0.51
1987, 11, 38.4808, 1.61
1987, 12, 27.6000, 0.78
1988, 1, 24.8393, 0.28
1988, 2, 32.9348, 0.51
1988, 3, 38.3276, 2.72
1988, 4, 49.0714, 1.02
1988, 5, 57.6875, 2.66
1988, 6, 70.2917, 1.49
1988, 7, 71.1154, 1.15
1988, 8, 70.6042, 2.00
1988, 9, 59.3393, 1.95
1988, 10, 53.6538, 0.13
1988, 11, 39.3793, 0.18
1988, 12, 28.1667, 1.30
1989, 1, 32.2667, 0.53
1989, 2, 22.6739, 0.74
1989, 3, 41.7600, 0.22
1989, 4, 50.5000, 1.37
1989, 5, 59.1087, 2.51
1989, 6, 63.7500, 1.74
1989, 7, 72.8889, 0.93
1989, 8, 68.7500, 1.16
1989, 9, 58.9000, 2.33
1989, 10, 50.1167, 0.73
1989, 11, 41.1481, 0.23
1989, 12, 27.1000, 0.36
1990, 1, 35.0714, 0.59
1990, 2, 32.1481, 0.57
1990, 3, 37.6786, 5.63
1990, 4, 47.7632, 0.98
1990, 5, 55.1200, 2.83
1990, 6, 69.2826, 0.54
1990, 7, 68.8269, 1.39
1990, 8, 69.2241, 1.69
1990, 9, 64.7500, 1.36
1990, 10, 49.0893, 0.57
1990, 11, 41.3448, 0.87
1990, 12, 23.8393, 0.25
1991, 1, 25.6600, 0.34
1991, 2, 37.8846, 0.02
1991, 3, 42.2000, 0.15
1991, 4, 49.0000, 1.10
1991, 5, 58.5690, 2.35
1991, 6, 65.7273, 3.59
1991, 7, 70.6136, 1.34
1991, 8, 69.5926, 2.21
1991, 9, 60.0000, 0.85
1991, 10, 52.3393, 0.69
1991, 11, 34.4800, 1.48
1991, 12, 32.4310, 0.01
1992, 1, 31.3793, 0.63
1992, 2, 39.2292, 0.00
1992, 3, 43.4138, 4.44
1992, 4, 52.5217, 1.23
1992, 5, 58.5600, 1.59
1992, 6, 63.8182, 5.78
1992, 7, 67.4048, 1.96
1992, 8, 66.1111, 2.64
1992, 9, 62.1667, 0.02
1992, 10, 52.6304, 0.23
1992, 11, 33.4074, 1.72
1992, 12, 25.7115, 0.44
1993, 1, 24.5370, 0.36
1993, 2, 28.4348, 0.86
1993, 3, 42.0667, 1.51
1993, 4, 47.2885, 2.18
1993, 5, 58.0556, 1.26
1993, 6, 63.9773, 2.33
1993, 7, 69.2800, 1.35
1993, 8, 67.0000, 1.14
1993, 9, 58.5741, 2.62
1993, 10, 47.6481, 2.36
1993, 11, 34.0625, 1.23
1993, 12, 31.7692, 0.14
1994, 1, 35.1957, 0.31
1994, 2, 29.8077, 0.63
1994, 3, 43.6000, 0.38
1994, 4, 46.8542, 1.78
1994, 5, 60.6800, 1.02
1994, 6, 70.0652, 1.82
1994, 7, 70.6304, 2.51
1994, 8, 70.2400, 1.92
1994, 9, 62.9773, 0.48
1994, 10, 49.8889, 1.63
1994, 11, 37.5862, 0.50
1994, 12, 33.4310, 0.45
1995, 1, 31.8929, 0.13
1995, 2, 35.8125, 0.96
1995, 3, 44.1818, 0.35
1995, 4, 44.7600, 2.53
1995, 5, 50.0385, 7.47
1995, 6, 62.3600, 3.59
1995, 7, 70.4615, 0.90
1995, 8, 73.0400, 0.37
1995, 9, 59.7500, 2.88
1995, 10, 49.0167, 0.27
1995, 11, 41.6897, 0.54
1995, 12, 33.1111, 0.17
1996, 1, 28.2241, 0.90
1996, 2, 38.6087, 0.16
1996, 3, 38.4091, 1.80
1996, 4, 49.6296, 1.10
1996, 5, 58.9773, 4.23
1996, 6, 66.8542, 2.09
1996, 7, 71.8462, 1.46
1996, 8, 68.6200, 0.51
1996, 9, 60.6400, 1.34
1996, 10, 50.6452, 0.49
1996, 11, 38.4400, 0.59
1996, 12, 33.0862, 0.02
1997, 1, 27.8519, 0.72
1997, 2, 32.7000, 0.46
1997, 3, 43.5893, 0.50
1997, 4, 40.6818, 3.01
1997, 5, 57.5370, 1.33
1997, 6, 66.5185, 2.97
1997, 7, 70.8519, 6.71
1997, 8, 68.8400, 5.11
1997, 9, 63.1724, 2.06
1997, 10, 50.8077, 1.70
1997, 11, 36.4583, 0.46
1997, 12, 32.3333, 0.21
1998, 1, 34.8462, 0.20
1998, 2, 35.6304, 0.39
1998, 3, 39.2500, 2.52
1998, 4, 47.3929, 2.03
1998, 5, 59.1739, 1.87
1998, 6, 62.5769, 1.32
1998, 7, 72.5833, 2.38
1998, 8, 70.9800, 0.57
1998, 9, 66.3704, 0.78
1998, 10, 50.0517, 2.90
1998, 11, 42.3889, 1.03
1998, 12, 28.6167, 0.52
1999, 1, 35.6600, 0.53
1999, 2, 39.9375, 0.01
1999, 3, 44.0893, 0.50
1999, 4, 45.9000, 8.29
1999, 5, 55.6458, 1.90
1999, 6, 64.9259, 2.45
1999, 7, 73.2400, 1.02
1999, 8, 69.9615, 2.14
1999, 9, 57.9259, 2.46
1999, 10, 49.8448, 0.72
1999, 11, 44.3276, 0.59
1999, 12, 37.1200, 0.07
2000, 1, 33.3958, 0.09
2000, 2, 39.0652, 0.41
2000, 3, 42.2885, 1.45
2000, 4, 52.4808, 0.69
2000, 5, 60.7679, 1.20
2000, 6, 65.7083, 1.07
2000, 7, 74.5417, 0.64
2000, 8, 73.2647, 1.47
2000, 9, 61.5370, 2.66
2000, 10, 50.0962, 0.87
2000, 11, 32.1154, 0.34
2000, 12, 29.1071, 0.39
2001, 1, 31.6724, 0.59
2001, 2, 31.0682, 0.25
2001, 3, 39.3478, 0.97
2001, 4, 50.7500, 2.53
2001, 5, 56.9483, 3.48
2001, 6, 67.8000, 0.41
2001, 7, 74.4600, 0.89
2001, 8, 71.6500, 1.07
2001, 9, 63.7400, 0.88
2001, 10, 49.6731, 0.28
2001, 11, 42.6667, 0.86
2001, 12, 32.9423, 0.07
2002, 1, 29.5714, 0.74
2002, 2, 33.3261, 0.22
2002, 3, 35.9259, 1.18
2002, 4, 52.8000, 0.26
2002, 5, 55.2000, 2.00
2002, 6, 71.5926, 0.76
2002, 7, 76.3800, 0.07
2002, 8, 70.3333, 0.65
2002, 9, 62.2778, 1.45
2002, 10, 45.4444, 1.14
2002, 11, 38.2241, 0.74
2002, 12, 34.3621, 0.01
2003, 1, 37.1852, 0.04
2003, 2, 31.7500, 0.85
2003, 3, 42.6500, 5.76
2003, 4, 50.5370, 3.13
2003, 5, 58.6833, 2.26
2003, 6, 63.2885, 1.13
2003, 7, 76.9318, 0.38
2003, 8, 72.4286, 3.40
2003, 9, 59.3269, 0.29
2003, 10, 54.8800, 0.19
2003, 11, 37.2321, 0.33
2003, 12, 33.4032, 0.46
2004, 1, 33.6607, 0.38
2004, 2, 31.3600, 0.50
2004, 3, 46.7679, 0.34
2004, 4, 49.5357, 2.22
2004, 5, 60.3077, 1.51
2004, 6, 63.0000, 2.66
2004, 7, 69.9773, 1.37
2004, 8, 66.7800, 3.27
2004, 9, 61.5000, 2.84
2004, 10, 50.7308, 1.05
2004, 11, 37.7115, 1.28
2004, 12, 33.7069, 0.09
2005, 1, 33.5741, 0.66
2005, 2, 37.8696, 0.27
2005, 3, 42.2500, 1.04
2005, 4, 48.4500, 2.73
2005, 5, 57.4231, 2.89
2005, 6, 64.8913, 3.46
2005, 7, 74.6250, 0.32
2005, 8, 69.7200, 1.06
2005, 9, 63.9423, 0.25
2005, 10, 51.5167, 3.26
2005, 11, 43.1731, 0.08
2005, 12, 30.0893, 0.18
2006, 1, 38.0690, 0.10
2006, 2, 33.5714, 0.53
2006, 3, 39.5556, 1.45
2006, 4, 54.3269, 0.22
2006, 5, 60.5172, 0.87
2006, 6, 71.6667, 0.13
2006, 7, 74.9565, 0.84
2006, 8, 72.0750, 0.68
2006, 9, 59.3200, 0.73
2006, 10, 49.4310, 2.27
2006, 11, 40.0556, 0.76
2006, 12, 30.4483, 2.70
2007, 1, 22.9483, 0.54
2007, 2, 30.9130, 0.22
2007, 3, 46.2963, 1.59
2007, 4, 48.8182, 0.97
2007, 5, 58.7500, 1.22
2007, 6, 68.3636, 0.33
2007, 7, 75.7037, 0.84
2007, 8, 73.2222, 3.60
2007, 9, 63.2308, 1.04
2007, 10, 52.3448, 1.74
2007, 11, 41.8704, 0.37
2007, 12, 27.0179, 1.20
2008, 1, 26.9000, 0.03
2008, 2, 34.7600, 0.26
2008, 3, 41.7857, 0.78
2008, 4, 47.7963, 0.85
2008, 5, 57.5769, 1.61
2008, 6, 65.4800, 2.06
2008, 7, 74.4800, 1.11
2008, 8, 68.3600, 3.94
2008, 9, 59.5682, 1.28
2008, 10, 49.8621, 0.81
2008, 11, 44.9000, 0.01
2008, 12, 27.9808, 0.53
2009, 1, 33.6897, 0.28
2009, 2, 38.6800, 0.16
2009, 3, 42.3793, 0.93
2009, 4, 47.8000, 4.44
2009, 5, 59.7692, 2.23
2009, 6, 62.9565, 5.03
2009, 7, 70.0172, 3.95
2009, 8, 68.6923, 0.22
2009, 9, 63.1111, 0.67
2009, 10, 42.2800, 2.16
2009, 11, 41.7500, 0.70
2009, 12, 24.0323, 1.11
2010, 1, 31.0167, 0.15
2010, 2, 29.3704, 0.65
2010, 3, 43.0556, 1.55
2010, 4, 48.7778, 3.15
2010, 5, 55.0741, 2.13
2010, 6, 68.5926, 1.96
2010, 7, 72.3542, 1.26
2010, 8, 72.6957, 1.23
2010, 9, 64.9259, 0.06
2010, 10, 54.2931, 0.87
2010, 11, 38.7826, 0.70
2010, 12, 33.7679, 0.22
2011, 1, 29.9167, 0.29
2011, 2, 30.0208, 0.66
2011, 3, 45.6111, 0.29
2011, 4, 48.9423, 2.05
2011, 5, 54.0926, 4.50
2011, 6, 67.7407, 2.78
2011, 7, 74.9565, 1.70
2011, 8, 74.0556, 0.12
2011, 9, 62.0577, 1.97
2011, 10, 51.4828, 1.77
2011, 11, 39.3966, 0.87
2011, 12, 29.7857, 0.79
2012, 1, 37.6296, 0.07
2012, 2, 31.8182, 0.72
2012, 3, 51.1897, 0.00
2012, 4, 54.3000, 0.40
2012, 5, 60.0167, 1.69
2012, 6, 72.9808, 0.61
2012, 7, 75.7143, 3.11
2012, 8, 72.3542, 0.03
2012, 9, 63.9038, 2.72
2012, 10, 48.9032, 0.66
2012, 11, 42.7222, 0.14
2012, 12, 31.5926, 0.40
2013, 1, 31.9286, 0.11
2013, 2, 32.4792, 0.55
2013, 3, 40.3214, 0.98
2013, 4, 44.8654, 2.84
2013, 5, 58.2407, 2.83
2013, 6, 70.9815, 0.59
2013, 7, 73.2292, 1.90
2013, 8, 71.1842, 0.57
2013, 9, 63.8846, 6.09
2013, 10, 47.2414, 1.68
2013, 11, 40.1296, 0.22
2013, 12, 31.9600, 0.45
2014, 1, 33.5769, 1.43
2014, 2, 32.3810, 0.30
2014, 3, 43.0714, 1.37
2014, 4, 50.2045, 0.62
2014, 5, 56.9259, 4.76
2014, 6, 66.6346, 0.99
2014, 7, 71.5893, 3.04
2014, 8, 69.8462, 0.58
2014, 9, 62.8800, 1.28
2014, 10, 54.0345, 0.80
2014, 11, 35.3958, 0.88
2014, 12, 31.9074, 0.64
2015, 1, 35.7609, 0.11
2015, 2, 36.1875, 1.09
2015, 3, 45.1875, 0.21
2015, 4, 49.0526, 3.32
2015, 5, 51.7200, 6.34
2015, 6, 69.3958, 1.55
2015, 7, 71.5833, 1.69
2015, 8, 71.3958, 0.69
2015, 9, 66.5833, 0.20
2015, 10, 54.8125, 1.81
2015, 11, 40.1905, 1.56
2015, 12, 30.1167, 0.94
2016, 1, 31.5536, 0.58
2016, 2, 37.5600, 1.01
2016, 3, 43.5370, 2.28
2016, 4, 49.0227, 2.75
2016, 5, 53.8409, 1.84
2016, 6, 71.2812, 0.05
2016, 7, 74.4130, 0.91
2016, 8, 68.8077, 0.76
2016, 9, 64.4167, 0.19
2016, 10, 55.2593, 0.31
2016, 11, 46.1250, 0.43
2016, 12, 27.5000, 0.52
2017, 1, 30.5000, 0.89
2017, 2, 40.2955, 0.52
2017, 3, 48.7115, 0.99
2017, 4, 50.3276, 2.12
2017, 5, 56.4600, 4.44
2017, 6, 68.6522, 0.14
2017, 7, 74.4000, 0.95
2017, 8, 68.9821, 2.38
2017, 9, 61.1250, 2.09
2017, 10, 50.1964, 1.68
2017, 11, 45.0185, 0.59
2017, 12, 36.4423, 0.30
2018, 1, 33.8214, 0.45
2018, 2, 31.8182, 0.67
2018, 3, 43.5370, 0.71
2018, 4, 48.5556, 0.75
2018, 5, 60.1607, 5.12
2018, 6, 70.0000, 1.22
2018, 7, 73.2000, 2.21
2018, 8, 71.0789, 0.28
2018, 9, 64.5652, 0.46
2018, 10, 49.3800, 1.08
2018, 11, 37.6304, 0.62
2018, 12, 32.5926, 0.03
2019, 1, 34.0667, 0.49
2019, 2, 29.5588, 0.16
2019, 3, 35.8036, 2.02
2019, 4, 49.6304, 1.78
2019, 5, 50.5000, 2.92
2019, 6, 63.7750, 2.59
2019, 7, 73.6591, 1.25
2019, 8, 73.5833, 0.20
2019, 9, 67.2407, 0.71
2019, 10, 44.6034, 0.94
2019, 11, 37.3077, 1.79
2019, 12, 32.4333, 0.57
2020, 1, 35.4464, 0.00
2020, 2, 32.1818, 0.69
2020, 3, 42.4130, 1.29
2020, 4, 48.5000, 1.71
2020, 5, 58.8333, 2.55
2020, 6, 68.5000, 1.33
2020, 7, 73.4688, 0.15
2020, 8, 73.1667, 0.48
2020, 9, 62.2885, 1.39
2020, 10, 47.6724, 1.14
2020, 11, 42.4464, 0.64
2020, 12, 33.6429, 0.50
